[
  {
    "name": "Oksoy pilot boarding",
    "latitude": 58.0565677,
    "longitude": 8.1015835
  },
  {
    "name": "Gronningen",
    "latitude": 58.07279089,
    "longitude": 8.08509957
  },
  {
    "name": "Kinn",
    "latitude": 58.10177743,
    "longitude": 8.04600096
  },
  {
    "name": "Villmannsgrunnen 15.8 m",
    "latitude": 58.13362376,
    "longitude": 8.03159176
  },
  {
    "name": "Kirkeboen",
    "latitude": 58.13987676,
    "longitude": 8.03404631
  },
  {
    "name": "Gleodden",
    "latitude": 58.14628755,
    "longitude": 8.04180323
  },
  {
    "name": "Kongsgard",
    "latitude": 58.15375963,
    "longitude": 8.04527983
  }
]