[
  {
    "name": "Marstein - report to Fedje VTS on channel 71",
    "latitude": 60.13368985,
    "longitude": 4.94190865
  },
  {
    "name": "Korsfjorden pilot boarding",
    "latitude": 60.14298606,
    "longitude": 5.01516263
  },
  {
    "name": "Ytstaskjeret",
    "latitude": 60.15898491,
    "longitude": 5.11750864
  },
  {
    "name": "Kleppevik",
    "latitude": 60.18462202,
    "longitude": 5.18044637
  },
  {
    "name": "Bornestangen",
    "latitude": 60.20167374,
    "longitude": 5.18760405
  },
  {
    "name": "Leroyna",
    "latitude": 60.22567043,
    "longitude": 5.16787688
  },
  {
    "name": "Tangaflu",
    "latitude": 60.24105802,
    "longitude": 5.1581574
  },
  {
    "name": "Kobbaleia lt",
    "latitude": 60.30183333,
    "longitude": 5.14056667
  },
  {
    "name": "Steinsundet",
    "latitude": 60.32631265,
    "longitude": 5.1470072
  },
  {
    "name": "Vonflua",
    "latitude": 60.33377347,
    "longitude": 5.16577003
  },
  {
    "name": "Hakonshella",
    "latitude": 60.34389968,
    "longitude": 5.17235867
  },
  {
    "name": "Stongi lt",
    "latitude": 60.36334047,
    "longitude": 5.17028245
  },
  {
    "name": "Sotra bridge",
    "latitude": 60.37389122,
    "longitude": 5.16562847
  },
  {
    "name": "Tollneset",
    "latitude": 60.38081667,
    "longitude": 5.17373333
  },
  {
    "name": "Askoy bridge",
    "latitude": 60.39461667,
    "longitude": 5.21598333
  },
  {
    "name": "Kvarven",
    "latitude": 60.40115,
    "longitude": 5.23995
  },
  {
    "name": "Bergen",
    "latitude": 60.40105,
    "longitude": 5.27515
  }
]