[
  {
    "name": "Marstein - report to Fedje VTS on channel 71",
    "latitude": 60.13368985,
    "longitude": 4.94190865
  },
  {
    "name": "Korsfjorden pilot boarding",
    "latitude": 60.14298606,
    "longitude": 5.01516263
  },
  {
    "name": "Ytstaskjeret",
    "latitude": 60.15898491,
    "longitude": 5.11750864
  },
  {
    "name": "Kleppevik",
    "latitude": 60.18462202,
    "longitude": 5.18044637
  },
  {
    "name": "Bornestangen",
    "latitude": 60.20167374,
    "longitude": 5.18760405
  },
  {
    "name": "Leroyna",
    "latitude": 60.22567043,
    "longitude": 5.16787688
  },
  {
    "name": "Tangaflu",
    "latitude": 60.24105802,
    "longitude": 5.1581574
  },
  {
    "name": "Raunane",
    "latitude": 60.26387405,
    "longitude": 5.16194577
  },
  {
    "name": "Fleslandsskjeret",
    "latitude": 60.28143773,
    "longitude": 5.19087968
  },
  {
    "name": "Fleslandsskjeret",
    "latitude": 60.29458717,
    "longitude": 5.19511147
  },
  {
    "name": "Bjoroy",
    "latitude": 60.32174987,
    "longitude": 5.20131772
  },
  {
    "name": "Hilleren",
    "latitude": 60.33228133,
    "longitude": 5.19577597
  },
  {
    "name": "Hilleren",
    "latitude": 60.33447757,
    "longitude": 5.19332927
  },
  {
    "name": "Trollholmen",
    "latitude": 60.3393337,
    "longitude": 5.17886617
  },
  {
    "name": "Hakonshella",
    "latitude": 60.34389968,
    "longitude": 5.17235867
  },
  {
    "name": "Stongi lt",
    "latitude": 60.36334047,
    "longitude": 5.17028245
  },
  {
    "name": "Sotra bridge",
    "latitude": 60.37389122,
    "longitude": 5.16562847
  },
  {
    "name": "Tollneset",
    "latitude": 60.38081667,
    "longitude": 5.17373333
  },
  {
    "name": "Askoy bridge",
    "latitude": 60.39461667,
    "longitude": 5.21598333
  },
  {
    "name": "Kvarven",
    "latitude": 60.40115,
    "longitude": 5.23995
  },
  {
    "name": "Bergen",
    "latitude": 60.40105,
    "longitude": 5.27515
  }
]