[
  {
    "name": "Lista",
    "latitude": 58.14841602,
    "longitude": 6.48361028
  },
  {
    "name": "Varneset lt",
    "latitude": 58.18354029,
    "longitude": 6.6190382
  },
  {
    "name": "Skagesteinodden",
    "latitude": 58.19642748,
    "longitude": 6.66951812
  },
  {
    "name": "Skarvehelleren",
    "latitude": 58.20657319,
    "longitude": 6.69916115
  },
  {
    "name": "Pinnen",
    "latitude": 58.22702817,
    "longitude": 6.69334699
  },
  {
    "name": "Bolshus",
    "latitude": 58.24563139,
    "longitude": 6.66698235
  },
  {
    "name": "Stamdalsflua",
    "latitude": 58.25351041,
    "longitude": 6.65977703
  },
  {
    "name": "Stamdalsflua",
    "latitude": 58.25532509,
    "longitude": 6.65924217
  },
  {
    "name": "Hasund",
    "latitude": 58.25782886,
    "longitude": 6.65704789
  },
  {
    "name": "Torsoy",
    "latitude": 58.26578656,
    "longitude": 6.65434706
  },
  {
    "name": "leading lights",
    "latitude": 58.28247896,
    "longitude": 6.66137229
  },
  {
    "name": "Flekkefjord",
    "latitude": 58.28841752,
    "longitude": 6.65560204
  }
]