[
  {
    "name": "Frohavet",
    "latitude": 64.25626858,
    "longitude": 9.75179652
  },
  {
    "name": "Tarva lt",
    "latitude": 63.82722217,
    "longitude": 9.26903527
  },
  {
    "name": "Svissaflua 16 m",
    "latitude": 63.7006193,
    "longitude": 9.24036868
  },
  {
    "name": "Flesa pilot boarding",
    "latitude": 63.65054591,
    "longitude": 9.24847105
  },
  {
    "name": "Sliskjeara",
    "latitude": 63.59572094,
    "longitude": 9.26176026
  },
  {
    "name": "Storaflu lt",
    "latitude": 63.54756484,
    "longitude": 9.25840884
  },
  {
    "name": "Terningen lt",
    "latitude": 63.49043035,
    "longitude": 9.04337753
  },
  {
    "name": "Skipnesstranda",
    "latitude": 63.40095517,
    "longitude": 8.5089409
  },
  {
    "name": "Klakksbroren lt",
    "latitude": 63.36544053,
    "longitude": 8.3874474
  },
  {
    "name": "Kyrhaug lt",
    "latitude": 63.30550355,
    "longitude": 8.23465826
  },
  {
    "name": "Edoy lt",
    "latitude": 63.27708477,
    "longitude": 8.1526243
  },
  {
    "name": "Lyktlangholmen lt",
    "latitude": 63.20173362,
    "longitude": 7.84277736
  },
  {
    "name": "Helklakken 11 m",
    "latitude": 63.1405088,
    "longitude": 7.64437075
  },
  {
    "name": "Sveggesundet lt",
    "latitude": 63.11996821,
    "longitude": 7.56851597
  },
  {
    "name": "Hestskjeret lt",
    "latitude": 63.09412504,
    "longitude": 7.48697922
  },
  {
    "name": "Brakan lt",
    "latitude": 63.08280559,
    "longitude": 7.46214795
  },
  {
    "name": "Baramskrakene",
    "latitude": 63.06403333,
    "longitude": 7.36203333
  },
  {
    "name": "Myrgrunnan light buoy",
    "latitude": 63.0549635,
    "longitude": 7.32525278
  },
  {
    "name": "Bjugna",
    "latitude": 63.05319167,
    "longitude": 7.28032657
  },
  {
    "name": "Midtflua light buoy",
    "latitude": 63.02598154,
    "longitude": 7.15968141
  },
  {
    "name": "Breigrunntaren",
    "latitude": 63.01039,
    "longitude": 6.99576
  },
  {
    "name": "Kolbeinsflu light buoy - precautionary area",
    "latitude": 62.97563378,
    "longitude": 6.86740392
  },
  {
    "name": "Saltsteinsleia",
    "latitude": 62.86866754,
    "longitude": 6.70042724
  },
  {
    "name": "Raudholmane",
    "latitude": 62.63736934,
    "longitude": 6.37728794
  },
  {
    "name": "Haugflua",
    "latitude": 62.61972194,
    "longitude": 6.31253266
  },
  {
    "name": "Lepsoyrevet",
    "latitude": 62.60378059,
    "longitude": 6.28338791
  },
  {
    "name": "Lepsoyrevet",
    "latitude": 62.58125845,
    "longitude": 6.23023899
  },
  {
    "name": "Vigrafjorden",
    "latitude": 62.56967123,
    "longitude": 6.19211611
  },
  {
    "name": "Hanen lt",
    "latitude": 62.55728991,
    "longitude": 6.17046397
  },
  {
    "name": "Oksneset",
    "latitude": 62.51882324,
    "longitude": 6.1454432
  },
  {
    "name": "Oksebasen",
    "latitude": 62.50956621,
    "longitude": 6.14242229
  },
  {
    "name": "Olsskjer lt",
    "latitude": 62.48504269,
    "longitude": 6.15129891
  },
  {
    "name": "Ellingsoyfjorden",
    "latitude": 62.48572,
    "longitude": 6.18174294
  },
  {
    "name": "Brattholmen lt",
    "latitude": 62.48837813,
    "longitude": 6.21202408
  },
  {
    "name": "Vardeflua",
    "latitude": 62.4843874,
    "longitude": 6.25473911
  },
  {
    "name": "Svinoysundet",
    "latitude": 62.47307589,
    "longitude": 6.27187611
  },
  {
    "name": "Kalvoysundet",
    "latitude": 62.47641737,
    "longitude": 6.28719523
  },
  {
    "name": "Hestholmen",
    "latitude": 62.47984662,
    "longitude": 6.34553374
  },
  {
    "name": "Langoya",
    "latitude": 62.48675692,
    "longitude": 6.36837106
  },
  {
    "name": "Alvika",
    "latitude": 62.48812652,
    "longitude": 6.38531788
  }
]