[
  {
    "name": "Breisunddjupet",
    "latitude": 62.51022878,
    "longitude": 5.68239097
  },
  {
    "name": "Breisundet",
    "latitude": 62.44828561,
    "longitude": 5.91428191
  },
  {
    "name": "Hogsteinen lt",
    "latitude": 62.44651783,
    "longitude": 6.03079354
  },
  {
    "name": "Hogsteinen lt",
    "latitude": 62.45349269,
    "longitude": 6.04813121
  },
  {
    "name": "Erknaflu",
    "latitude": 62.47086266,
    "longitude": 6.059799
  },
  {
    "name": "Olsskjer lt",
    "latitude": 62.48476092,
    "longitude": 6.13991275
  },
  {
    "name": "Ellingsoyfjorden",
    "latitude": 62.48572,
    "longitude": 6.18174294
  },
  {
    "name": "Brattholmen lt",
    "latitude": 62.48837813,
    "longitude": 6.21202408
  },
  {
    "name": "Vardeflua",
    "latitude": 62.4843874,
    "longitude": 6.25473911
  },
  {
    "name": "Svinoysundet",
    "latitude": 62.47307589,
    "longitude": 6.27187611
  },
  {
    "name": "Kalvoysundet",
    "latitude": 62.47641737,
    "longitude": 6.28719523
  },
  {
    "name": "Hestholmen",
    "latitude": 62.47984662,
    "longitude": 6.34553374
  },
  {
    "name": "Langoya",
    "latitude": 62.48675692,
    "longitude": 6.36837106
  },
  {
    "name": "Alvika",
    "latitude": 62.48812652,
    "longitude": 6.38531788
  }
]