[
  {
    "name": "Stalet",
    "latitude": 62.23332712,
    "longitude": 5.17768582
  },
  {
    "name": "Stalet",
    "latitude": 62.23160884,
    "longitude": 5.20743921
  },
  {
    "name": "Kviteneset",
    "latitude": 62.22520843,
    "longitude": 5.23919503
  },
  {
    "name": "Rivjehornet",
    "latitude": 62.17560483,
    "longitude": 5.33877331
  },
  {
    "name": "Haugsholmen lt",
    "latitude": 62.17124662,
    "longitude": 5.35861314
  },
  {
    "name": "Storesundet",
    "latitude": 62.17479533,
    "longitude": 5.38267179
  },
  {
    "name": "Haugsfjorden",
    "latitude": 62.19053509,
    "longitude": 5.42253173
  },
  {
    "name": "Aramsundet west",
    "latitude": 62.20397196,
    "longitude": 5.47473529
  },
  {
    "name": "Aramsundet ",
    "latitude": 62.20479688,
    "longitude": 5.48381396
  },
  {
    "name": "Aramsundet east 11 m",
    "latitude": 62.20389208,
    "longitude": 5.49494321
  },
  {
    "name": "Saudeholmen",
    "latitude": 62.17750163,
    "longitude": 5.60430637
  },
  {
    "name": "Laupsneset",
    "latitude": 62.19778971,
    "longitude": 5.76758988
  },
  {
    "name": "Yksnoy lt",
    "latitude": 62.21844681,
    "longitude": 5.897255
  },
  {
    "name": "Flavikneset",
    "latitude": 62.27333538,
    "longitude": 5.97472596
  },
  {
    "name": "Hjorungenneset",
    "latitude": 62.34392246,
    "longitude": 6.13514886
  },
  {
    "name": "Hjorungenneset",
    "latitude": 62.3569972,
    "longitude": 6.13693772
  },
  {
    "name": "Eltraneset",
    "latitude": 62.42387181,
    "longitude": 6.0367014
  },
  {
    "name": "Eltraneset lt",
    "latitude": 62.43673783,
    "longitude": 6.03681349
  },
  {
    "name": "Erknaflu",
    "latitude": 62.47086266,
    "longitude": 6.059799
  },
  {
    "name": "Olsskjer lt",
    "latitude": 62.48476092,
    "longitude": 6.13991275
  },
  {
    "name": "Ellingsoyfjorden",
    "latitude": 62.48572,
    "longitude": 6.18174294
  },
  {
    "name": "Brattholmen lt",
    "latitude": 62.48837813,
    "longitude": 6.21202408
  },
  {
    "name": "Vardeflua",
    "latitude": 62.4843874,
    "longitude": 6.25473911
  },
  {
    "name": "Svinoysundet",
    "latitude": 62.47307589,
    "longitude": 6.27187611
  },
  {
    "name": "Kalvoysundet",
    "latitude": 62.47641737,
    "longitude": 6.28719523
  },
  {
    "name": "Hestholmen",
    "latitude": 62.47984662,
    "longitude": 6.34553374
  },
  {
    "name": "Langoya",
    "latitude": 62.48675692,
    "longitude": 6.36837106
  },
  {
    "name": "Alvika",
    "latitude": 62.48812652,
    "longitude": 6.38531788
  }
]