[
  {
    "name": "Stalet",
    "latitude": 62.23332712,
    "longitude": 5.17768582
  },
  {
    "name": "Stalet",
    "latitude": 62.23160884,
    "longitude": 5.20743921
  },
  {
    "name": "Kviteneset",
    "latitude": 62.22520843,
    "longitude": 5.23919503
  },
  {
    "name": "Vanylvsgapet pilot boarding",
    "latitude": 62.20648333,
    "longitude": 5.2768
  },
  {
    "name": "Rivjehornet",
    "latitude": 62.17560483,
    "longitude": 5.33877331
  },
  {
    "name": "Sore Torrane",
    "latitude": 62.16093205,
    "longitude": 5.38305804
  },
  {
    "name": "Bjornholmen",
    "latitude": 62.1638574,
    "longitude": 5.41178402
  },
  {
    "name": "Ytstefluda",
    "latitude": 62.1964447,
    "longitude": 5.44805666
  },
  {
    "name": "Aramsundet west",
    "latitude": 62.20397196,
    "longitude": 5.47473529
  },
  {
    "name": "Aramsundet ",
    "latitude": 62.20479688,
    "longitude": 5.48381396
  },
  {
    "name": "Aramsundet east 11 m",
    "latitude": 62.20389208,
    "longitude": 5.49494321
  },
  {
    "name": "Saudeholmen",
    "latitude": 62.17750163,
    "longitude": 5.60430637
  },
  {
    "name": "Laupsneset",
    "latitude": 62.19778971,
    "longitude": 5.76758988
  },
  {
    "name": "Yksnoy lt",
    "latitude": 62.21844681,
    "longitude": 5.897255
  },
  {
    "name": "Flavikneset",
    "latitude": 62.27333538,
    "longitude": 5.97472596
  },
  {
    "name": "Hjorungenneset",
    "latitude": 62.34392246,
    "longitude": 6.13514886
  },
  {
    "name": "Hjorungenneset",
    "latitude": 62.3569972,
    "longitude": 6.13693772
  },
  {
    "name": "Eltraneset",
    "latitude": 62.42387181,
    "longitude": 6.0367014
  },
  {
    "name": "Eltraneset lt",
    "latitude": 62.43673783,
    "longitude": 6.03681349
  },
  {
    "name": "Eltraneset lt",
    "latitude": 62.44618084,
    "longitude": 6.05318243
  },
  {
    "name": "Hessafjorden",
    "latitude": 62.44636362,
    "longitude": 6.11197795
  },
  {
    "name": "Rognholmen lt",
    "latitude": 62.4551797,
    "longitude": 6.17622405
  },
  {
    "name": "Gasholmen",
    "latitude": 62.45634169,
    "longitude": 6.20368526
  },
  {
    "name": "Bogneset",
    "latitude": 62.45173133,
    "longitude": 6.24948118
  },
  {
    "name": "Spjelkavik",
    "latitude": 62.45783276,
    "longitude": 6.3449976
  }
]