[
  {
    "name": "Frohavet",
    "latitude": 64.25626858,
    "longitude": 9.75179652
  },
  {
    "name": "Tarva lt",
    "latitude": 63.82722217,
    "longitude": 9.26903527
  },
  {
    "name": "Svissaflua 16 m",
    "latitude": 63.7006193,
    "longitude": 9.24036868
  },
  {
    "name": "Flesa pilot boarding",
    "latitude": 63.65054591,
    "longitude": 9.24847105
  },
  {
    "name": "Sliskjeara",
    "latitude": 63.59572094,
    "longitude": 9.26176026
  },
  {
    "name": "Storaflu lt",
    "latitude": 63.54756484,
    "longitude": 9.25840884
  },
  {
    "name": "Terningen lt",
    "latitude": 63.49043035,
    "longitude": 9.04337753
  },
  {
    "name": "Skipnesstranda",
    "latitude": 63.40095517,
    "longitude": 8.5089409
  },
  {
    "name": "Klakksbroren lt",
    "latitude": 63.36544053,
    "longitude": 8.3874474
  },
  {
    "name": "Kyrhaug lt",
    "latitude": 63.30550355,
    "longitude": 8.23465826
  },
  {
    "name": "Edoy lt",
    "latitude": 63.27708477,
    "longitude": 8.1526243
  },
  {
    "name": "Lyktlangholmen lt",
    "latitude": 63.20173362,
    "longitude": 7.84277736
  },
  {
    "name": "Helklakken 11 m",
    "latitude": 63.1405088,
    "longitude": 7.64437075
  },
  {
    "name": "Sveggesundet lt",
    "latitude": 63.11996821,
    "longitude": 7.56851597
  },
  {
    "name": "Hestskjeret lt",
    "latitude": 63.09412504,
    "longitude": 7.48697922
  },
  {
    "name": "Brakan lt",
    "latitude": 63.08280559,
    "longitude": 7.46214795
  },
  {
    "name": "Baramskrakene",
    "latitude": 63.06403333,
    "longitude": 7.36203333
  },
  {
    "name": "Myrgrunnan light buoy",
    "latitude": 63.0549635,
    "longitude": 7.32525278
  },
  {
    "name": "Bjugna",
    "latitude": 63.05253797,
    "longitude": 7.25497976
  },
  {
    "name": "Fuglen lt",
    "latitude": 63.05936814,
    "longitude": 7.12623239
  },
  {
    "name": "Hustadvika",
    "latitude": 63.02750201,
    "longitude": 7.05919656
  },
  {
    "name": "Kolbeinsflu light buoy - precautionary area",
    "latitude": 62.97563378,
    "longitude": 6.86740392
  },
  {
    "name": "Saltsteinsleia",
    "latitude": 62.86866754,
    "longitude": 6.70042724
  },
  {
    "name": "Raudholmane",
    "latitude": 62.63736934,
    "longitude": 6.37728794
  },
  {
    "name": "Kyrkjeflua",
    "latitude": 62.62272464,
    "longitude": 6.28224184
  },
  {
    "name": "Hestoyskallen",
    "latitude": 62.62497742,
    "longitude": 6.248428
  },
  {
    "name": "Hellevik lt",
    "latitude": 62.6455782,
    "longitude": 6.18182474
  },
  {
    "name": "Isaksfallet",
    "latitude": 62.64926921,
    "longitude": 6.14016062
  },
  {
    "name": "Faksen bn",
    "latitude": 62.64596682,
    "longitude": 6.11935181
  },
  {
    "name": "Innholmen lt",
    "latitude": 62.62865097,
    "longitude": 6.09454886
  },
  {
    "name": "Ramnen",
    "latitude": 62.6111062,
    "longitude": 6.12821373
  },
  {
    "name": "Flight Zone",
    "latitude": 62.56685321,
    "longitude": 6.17588126
  },
  {
    "name": "Oksneset",
    "latitude": 62.51882324,
    "longitude": 6.1454432
  },
  {
    "name": "Oksebasen",
    "latitude": 62.50956621,
    "longitude": 6.14242229
  },
  {
    "name": "Valderhaug",
    "latitude": 62.49967156,
    "longitude": 6.14600828
  },
  {
    "name": "Valderhaug",
    "latitude": 62.49333398,
    "longitude": 6.13700343
  },
  {
    "name": "Erknaflu",
    "latitude": 62.47314474,
    "longitude": 6.05752087
  },
  {
    "name": "Hogsteinen lt",
    "latitude": 62.45951603,
    "longitude": 6.04727295
  },
  {
    "name": "Eltraneset lt",
    "latitude": 62.44622567,
    "longitude": 6.06809489
  },
  {
    "name": "Hessafjorden",
    "latitude": 62.44636362,
    "longitude": 6.11197795
  },
  {
    "name": "Rognholmen lt",
    "latitude": 62.4551797,
    "longitude": 6.17622405
  },
  {
    "name": "Gasholmen",
    "latitude": 62.45634169,
    "longitude": 6.20368526
  },
  {
    "name": "Bogneset",
    "latitude": 62.45173133,
    "longitude": 6.24948118
  },
  {
    "name": "Spjelkavik",
    "latitude": 62.45783276,
    "longitude": 6.3449976
  }
]