[
  {
    "name": "Stalet",
    "latitude": 62.23332712,
    "longitude": 5.17768582
  },
  {
    "name": "Skjeggefluda",
    "latitude": 62.27317369,
    "longitude": 5.31497614
  },
  {
    "name": "Flavaer lt",
    "latitude": 62.31207991,
    "longitude": 5.55963892
  },
  {
    "name": "Stabben lt",
    "latitude": 62.31136037,
    "longitude": 5.57735484
  },
  {
    "name": "Klubben lt",
    "latitude": 62.30878821,
    "longitude": 5.59910369
  },
  {
    "name": "Klubben lt",
    "latitude": 62.30835732,
    "longitude": 5.60956199
  },
  {
    "name": "Tronden lt",
    "latitude": 62.31206559,
    "longitude": 5.62744445
  },
  {
    "name": "Heroyhunden lt",
    "latitude": 62.31753428,
    "longitude": 5.67146876
  },
  {
    "name": "Royrasundet",
    "latitude": 62.31933924,
    "longitude": 5.72128209
  },
  {
    "name": "Teigesund lt",
    "latitude": 62.32066667,
    "longitude": 5.73481667
  },
  {
    "name": "Teigesund lt",
    "latitude": 62.32205636,
    "longitude": 5.74885378
  },
  {
    "name": "Brennholmen lt 6.9 m",
    "latitude": 62.32851096,
    "longitude": 5.7511608
  },
  {
    "name": "Torvikhomen lt 6.9 m",
    "latitude": 62.33809314,
    "longitude": 5.73856845
  },
  {
    "name": "Byholmane",
    "latitude": 62.35952667,
    "longitude": 5.77314485
  },
  {
    "name": "Vattoya",
    "latitude": 62.36509477,
    "longitude": 5.7911294
  },
  {
    "name": "Vattoy lt",
    "latitude": 62.37268618,
    "longitude": 5.79730202
  },
  {
    "name": "Flo lt",
    "latitude": 62.39371089,
    "longitude": 5.80692878
  },
  {
    "name": "Flo",
    "latitude": 62.40752333,
    "longitude": 5.82996009
  },
  {
    "name": "Kleggen",
    "latitude": 62.4185445,
    "longitude": 5.85683644
  },
  {
    "name": "Breisundet",
    "latitude": 62.42712612,
    "longitude": 5.89034092
  },
  {
    "name": "Hogsteinen lt",
    "latitude": 62.44651783,
    "longitude": 6.03079354
  },
  {
    "name": "Hogsteinen lt",
    "latitude": 62.45349269,
    "longitude": 6.04813121
  },
  {
    "name": "Erknaflu",
    "latitude": 62.47086266,
    "longitude": 6.059799
  },
  {
    "name": "Olsskjer lt",
    "latitude": 62.48476092,
    "longitude": 6.13991275
  },
  {
    "name": "Ellingsoyfjorden",
    "latitude": 62.48572,
    "longitude": 6.18174294
  },
  {
    "name": "Brattholmen lt",
    "latitude": 62.48837813,
    "longitude": 6.21202408
  },
  {
    "name": "Vardeflua",
    "latitude": 62.4843874,
    "longitude": 6.25473911
  },
  {
    "name": "Svinoysundet",
    "latitude": 62.47307589,
    "longitude": 6.27187611
  },
  {
    "name": "Kalvoysundet",
    "latitude": 62.47641737,
    "longitude": 6.28719523
  },
  {
    "name": "Hestholmen",
    "latitude": 62.47984662,
    "longitude": 6.34553374
  },
  {
    "name": "Langoya",
    "latitude": 62.48675692,
    "longitude": 6.36837106
  },
  {
    "name": "Alvika",
    "latitude": 62.48812652,
    "longitude": 6.38531788
  }
]