[
  {
    "name": "Hollenderbaen - change to channel 19 - Horten VTS",
    "latitude": 59.16198333,
    "longitude": 10.65851142
  },
  {
    "name": "Gullholmen",
    "latitude": 59.43414435,
    "longitude": 10.56165578
  },
  {
    "name": "Tofteholmen",
    "latitude": 59.51514138,
    "longitude": 10.59131467
  },
  {
    "name": "Filtvet",
    "latitude": 59.56659672,
    "longitude": 10.63847067
  },
  {
    "name": "Rammebaen",
    "latitude": 59.60851347,
    "longitude": 10.63629247
  },
  {
    "name": "Kaholmen",
    "latitude": 59.6791572,
    "longitude": 10.61326418
  },
  {
    "name": "Langebat",
    "latitude": 59.68498657,
    "longitude": 10.60634258
  },
  {
    "name": "Storegrunnen",
    "latitude": 59.70973265,
    "longitude": 10.59217457
  },
  {
    "name": "Digerud S lt",
    "latitude": 59.71866107,
    "longitude": 10.58165038
  },
  {
    "name": "Fagerstrand",
    "latitude": 59.730473,
    "longitude": 10.58227446
  },
  {
    "name": "Solbakke",
    "latitude": 59.74050632,
    "longitude": 10.57597715
  },
  {
    "name": "Sproodden",
    "latitude": 59.7619823,
    "longitude": 10.5761384
  },
  {
    "name": "Torskegrunnen",
    "latitude": 59.8167384,
    "longitude": 10.58508388
  },
  {
    "name": "Nordre Steilsand",
    "latitude": 59.82705298,
    "longitude": 10.59099222
  },
  {
    "name": "Nesodden",
    "latitude": 59.87411667,
    "longitude": 10.64885417
  },
  {
    "name": "Ostre Tangflu",
    "latitude": 59.87966148,
    "longitude": 10.66578755
  },
  {
    "name": "Langoya",
    "latitude": 59.87403108,
    "longitude": 10.70431532
  },
  {
    "name": "Oslo East",
    "latitude": 59.87864793,
    "longitude": 10.72870903
  }
]