[
  {
    "name": "Breisunddjupet",
    "latitude": 62.51022878,
    "longitude": 5.68239097
  },
  {
    "name": "Breisundet",
    "latitude": 62.44828561,
    "longitude": 5.91428191
  },
  {
    "name": "Hogsteinen lt",
    "latitude": 62.44651783,
    "longitude": 6.03079354
  },
  {
    "name": "Hogsteinen lt",
    "latitude": 62.45349269,
    "longitude": 6.04813121
  },
  {
    "name": "Erknaflu",
    "latitude": 62.47086266,
    "longitude": 6.059799
  },
  {
    "name": "Valderhaug",
    "latitude": 62.49078869,
    "longitude": 6.14069915
  },
  {
    "name": "Valderhaug",
    "latitude": 62.49710248,
    "longitude": 6.1469222
  },
  {
    "name": "Oksebasen",
    "latitude": 62.50956621,
    "longitude": 6.14242229
  },
  {
    "name": "Hanen lt",
    "latitude": 62.55427375,
    "longitude": 6.17472564
  },
  {
    "name": "Lepsoyrevet",
    "latitude": 62.56709746,
    "longitude": 6.19655906
  },
  {
    "name": "Lepsoyrevet",
    "latitude": 62.58125845,
    "longitude": 6.23023899
  },
  {
    "name": "Lepsoyrevet",
    "latitude": 62.5943579,
    "longitude": 6.26137262
  },
  {
    "name": "Haugflua lt",
    "latitude": 62.61778333,
    "longitude": 6.31611667
  },
  {
    "name": "Dronenholmen lt",
    "latitude": 62.62926667,
    "longitude": 6.52065
  },
  {
    "name": "Tautra - precautionary area",
    "latitude": 62.67509959,
    "longitude": 6.83744422
  },
  {
    "name": "Tautraflua 16 m",
    "latitude": 62.69444697,
    "longitude": 6.93478934
  },
  {
    "name": "Helgestones lt",
    "latitude": 62.61330339,
    "longitude": 7.36873393
  },
  {
    "name": "Norvikhalsen",
    "latitude": 62.57739679,
    "longitude": 7.42528334
  },
  {
    "name": "Vindsneset",
    "latitude": 62.56080614,
    "longitude": 7.4685783
  },
  {
    "name": "Hovdenes lt",
    "latitude": 62.54695214,
    "longitude": 7.54570219
  },
  {
    "name": "Andalsnes",
    "latitude": 62.56200121,
    "longitude": 7.63443169
  },
  {
    "name": "Andalsnes",
    "latitude": 62.57266667,
    "longitude": 7.6842
  }
]