[
  {
    "name": "Frohavet",
    "latitude": 64.25626858,
    "longitude": 9.75179652
  },
  {
    "name": "Tarva lt",
    "latitude": 63.82722217,
    "longitude": 9.26903527
  },
  {
    "name": "Svissaflua 16 m",
    "latitude": 63.7006193,
    "longitude": 9.24036868
  },
  {
    "name": "Flesa pilot boarding",
    "latitude": 63.65054591,
    "longitude": 9.24847105
  },
  {
    "name": "Sliskjeara",
    "latitude": 63.59572094,
    "longitude": 9.26176026
  },
  {
    "name": "Storaflu lt",
    "latitude": 63.54756484,
    "longitude": 9.25840884
  },
  {
    "name": "Terningen lt",
    "latitude": 63.49043035,
    "longitude": 9.04337753
  },
  {
    "name": "Skipnesstranda",
    "latitude": 63.40095517,
    "longitude": 8.5089409
  },
  {
    "name": "Klakksbroren lt",
    "latitude": 63.36544053,
    "longitude": 8.3874474
  },
  {
    "name": "Kyrhaug lt",
    "latitude": 63.30550355,
    "longitude": 8.23465826
  },
  {
    "name": "Edoy lt",
    "latitude": 63.27708477,
    "longitude": 8.1526243
  },
  {
    "name": "Lyktlangholmen lt",
    "latitude": 63.20173362,
    "longitude": 7.84277736
  },
  {
    "name": "Helklakken 11 m",
    "latitude": 63.1405088,
    "longitude": 7.64437075
  },
  {
    "name": "Sveggesundet lt",
    "latitude": 63.11996821,
    "longitude": 7.56851597
  },
  {
    "name": "Hestskjeret lt",
    "latitude": 63.09412504,
    "longitude": 7.48697922
  },
  {
    "name": "Brakan lt",
    "latitude": 63.08280559,
    "longitude": 7.46214795
  },
  {
    "name": "Baramskrakene",
    "latitude": 63.06403333,
    "longitude": 7.36203333
  },
  {
    "name": "Myrgrunnan light buoy",
    "latitude": 63.0549635,
    "longitude": 7.32525278
  },
  {
    "name": "Bjugna",
    "latitude": 63.05319167,
    "longitude": 7.28032657
  },
  {
    "name": "Midtflua light buoy",
    "latitude": 63.02598154,
    "longitude": 7.15968141
  },
  {
    "name": "Breigrunntaren",
    "latitude": 63.01039,
    "longitude": 6.99576
  },
  {
    "name": "Kolbeinsflu light buoy - precautionary area",
    "latitude": 62.97563378,
    "longitude": 6.86740392
  },
  {
    "name": "Soreggskallen",
    "latitude": 62.95354716,
    "longitude": 6.83288201
  },
  {
    "name": "Budadjupet",
    "latitude": 62.92241566,
    "longitude": 6.82200932
  },
  {
    "name": "Budadjupet",
    "latitude": 62.90433898,
    "longitude": 6.85701918
  },
  {
    "name": "Haroyodden leading lights",
    "latitude": 62.88913296,
    "longitude": 6.90393703
  },
  {
    "name": "Haroyodden lt",
    "latitude": 62.87485787,
    "longitude": 6.93081667
  },
  {
    "name": "Nyhamna caution area",
    "latitude": 62.85511245,
    "longitude": 6.97518386
  },
  {
    "name": "Hogsneset lt",
    "latitude": 62.8250555,
    "longitude": 6.9733035
  },
  {
    "name": "Lauvholmen",
    "latitude": 62.79851053,
    "longitude": 6.95585247
  },
  {
    "name": "Julholmen lt",
    "latitude": 62.73429608,
    "longitude": 6.95522444
  },
  {
    "name": "Julneset",
    "latitude": 62.7230814,
    "longitude": 6.96136079
  },
  {
    "name": "Ytter Horkallneset",
    "latitude": 62.64338848,
    "longitude": 7.22828137
  },
  {
    "name": "Helgestones lt",
    "latitude": 62.61330339,
    "longitude": 7.36873393
  },
  {
    "name": "Norvikhalsen",
    "latitude": 62.57739679,
    "longitude": 7.42528334
  },
  {
    "name": "Vindsneset",
    "latitude": 62.56080614,
    "longitude": 7.4685783
  },
  {
    "name": "Hovdenes lt",
    "latitude": 62.54695214,
    "longitude": 7.54570219
  },
  {
    "name": "Andalsnes",
    "latitude": 62.56200121,
    "longitude": 7.63443169
  }
]